[ {
  "username" : "ali1",
  "passwordHash" : "1234",
  "email" : "",
  "gender" : "FEMALE",
  "gameHistory" : [ ],
  "securityQuestion" : {
    "question" : "",
    "answer" : ""
  },
  "inAnyGame" : false,
  "name" : "ali1"
}, {
  "username" : "ali2",
  "passwordHash" : "",
  "email" : "",
  "gender" : "FEMALE",
  "gameHistory" : [ ],
  "securityQuestion" : {
    "question" : "",
    "answer" : ""
  },
  "inAnyGame" : true,
  "name" : "ali2"
}, {
  "username" : "ali3",
  "passwordHash" : "",
  "email" : "",
  "gender" : "FEMALE",
  "gameHistory" : [ ],
  "securityQuestion" : {
    "question" : "",
    "answer" : ""
  },
  "inAnyGame" : true,
  "name" : "ali3"
}, {
  "username" : "ali4",
  "passwordHash" : "",
  "email" : "",
  "gender" : "FEMALE",
  "gameHistory" : [ ],
  "securityQuestion" : {
    "question" : "",
    "answer" : ""
  },
  "inAnyGame" : true,
  "name" : "ali4"
}, {
  "username" : "aliali",
  "passwordHash" : "5SogwX0/2ALFT6lSqDi/9wfa9jp4B7Q3QyT0whX5/J4=",
  "email" : "ali@gmail.com",
  "gender" : "MALE",
  "gameHistory" : [ ],
  "securityQuestion" : {
    "question" : " What is the name of the street you grew up on?",
    "answer" : "fosaf"
  },
  "inAnyGame" : false,
  "name" : "ali"
}, {
  "username" : "alifathi",
  "passwordHash" : "5SogwX0/2ALFT6lSqDi/9wfa9jp4B7Q3QyT0whX5/J4=",
  "email" : "ali@gmail.com",
  "gender" : "MALE",
  "gameHistory" : [ ],
  "securityQuestion" : {
    "question" : " What was the model of your first mobile phone?",
    "answer" : "samsung"
  },
  "inAnyGame" : true,
  "name" : "ali"
} ]